,name,price_type,rating,rating_count,url
0,pavlov:shack,free,4.54,1677,https://sidequestvr.com/app/392/pavlov-shack
1,attackonquest,free,4.55,1176,https://sidequestvr.com/app/502/attack-on-quest
2,virtualdesktop,paid,4.49,574,https://sidequestvr.com/app/16/virtual-desktop
3,questcraft,opensource,3.54,1240,https://sidequestvr.com/app/7150/questcraft
4,physicsplayground(experimental),demo,4.48,936,https://sidequestvr.com/app/218/physics-playground-experimental
5,gorillatag,free,4.73,1215,https://sidequestvr.com/app/2157/gorilla-tag
6,bmbf,free,4.04,541,https://sidequestvr.com/app/747/bmbf
7,battletalent,demo,4.72,623,https://sidequestvr.com/app/2348/battle-talent
8,crisisvrigade,paid,4.52,446,https://sidequestvr.com/app/38/crisis-vrigade
9,v-speedway,free,4.49,227,https://sidequestvr.com/app/458/v-speedway
10,discovery,free,3.53,116,https://sidequestvr.com/app/3002/discovery
11,ancientdungeon,paid,4.88,574,https://sidequestvr.com/app/1520/ancient-dungeon
12,handphysicslab,paid,4.45,180,https://sidequestvr.com/app/750/hand-physics-lab
13,doom3quest,opensource,4.68,204,https://sidequestvr.com/app/2651/doom3quest
14,sportmode,paid,4.75,237,https://sidequestvr.com/app/3751/sport-mode
15,teaforgod(underdevelopment),prerelease,4.75,446,https://sidequestvr.com/app/65/tea-for-god-under-development
16,hyperdash,paid,4.79,464,https://sidequestvr.com/app/807/hyper-dash
17,fivenightsatfreddy'ssisterlocationvrfangame,free,4.32,120,https://sidequestvr.com/app/2233/five-nights-at-freddys-sister-location-vr-fan-game
18,lambda1vr-half-lifeinvr,opensource,4.46,289,https://sidequestvr.com/app/124/lambda1vr-half-life-in-vr
19,hibow(betaversion),prerelease,4.65,411,https://sidequestvr.com/app/967/hibow-beta-version
20,brisksquare-earlyaccess,free,4.77,191,https://sidequestvr.com/app/3944/brisk-square-early-access
21,deisim,paid,4.7,279,https://sidequestvr.com/app/85/deisim
22,questzdoom,free,4.82,198,https://sidequestvr.com/app/796/questzdoom
23,voxelworksquest(prototype),opensource,3.94,238,https://sidequestvr.com/app/431/voxel-works-quest-prototype
24,gymclass-basketballvr,prerelease,4.59,138,https://sidequestvr.com/app/1781/gym-class-basketball-vr
25,vrtuos,free,4.13,77,https://sidequestvr.com/app/494/vrtuos
26,paradiddle,prerelease,4.59,75,https://sidequestvr.com/app/1524/paradiddle
27,warplanes:ww1fighters,paid,4.75,204,https://sidequestvr.com/app/2536/warplanes-ww1-fighters
28,grannyvr(unofficial),free,4.32,69,https://sidequestvr.com/app/3585/granny-vr-unofficial
29,fridaynightfunkin'vr,opensource,4.06,239,https://sidequestvr.com/app/4089/friday-night-funkin-vr
30,alvr-oculusquest,opensource,3.9,121,https://sidequestvr.com/app/9/alvr-oculus-quest
31,hax,free,4.79,193,https://sidequestvr.com/app/3366/hax
32,oceancraft-applab+demo,demo,4.54,85,https://sidequestvr.com/app/3001/oceancraft-applab-demo
33,yur,free,4.52,290,https://sidequestvr.com/app/270/yur
34,customhome:minecraftvillage,free,4.28,74,https://sidequestvr.com/app/3899/custom-home-minecraft-village
35,touringkarts,free,3.84,44,https://sidequestvr.com/app/4262/touring-karts
36,climbeydemo,free,4.5,109,https://sidequestvr.com/app/331/climbey-demo
37,projectterminusbeta,demo,4.55,195,https://sidequestvr.com/app/467/project-terminus-beta
38,sail-freedemo,demo,4.23,102,https://sidequestvr.com/app/1339/sail-free-demo
39,gunraiders,free,4.59,99,https://sidequestvr.com/app/3391/gun-raiders
40,travrsal-entertheholodeck,prerelease,4.75,195,https://sidequestvr.com/app/449/travrsal-enter-the-holodeck
41,gladius,paidprerelease,4.65,100,https://sidequestvr.com/app/1707/gladius
42,liminal,free,4.72,107,https://sidequestvr.com/app/1042/liminal
43,groovr-airdrumming,paidprerelease,4.18,85,https://sidequestvr.com/app/1672/groovr-air-drumming
44,contractorsvrquest,paid,4.41,212,https://sidequestvr.com/app/1205/contractors-vr-quest
45,ultraheight:mistcityclimb,paid,4.87,31,https://sidequestvr.com/app/3515/ultra-height-mist-city-climb
46,descentalps,paid,4.45,121,https://sidequestvr.com/app/668/descent-alps
47,tritonvr,prerelease,4.18,79,https://sidequestvr.com/app/433/triton-vr
48,puzzlingplaces,paid,4.92,450,https://sidequestvr.com/app/809/puzzling-places
49,plutosphere,prerelease,4.4,438,https://sidequestvr.com/app/3247/plutosphere
50,vanishinggrace-pre-alphademo,demo,4.52,139,https://sidequestvr.com/app/772/vanishing-grace-pre-alpha-demo
51,crisisvrigade2,paid,4.46,48,https://sidequestvr.com/app/2927/crisis-vrigade-2
52,play'avrvideoplayer,free,3.2,35,https://sidequestvr.com/app/280/playa-vr-video-player
53,attackontitanvr:byslavkaquestport,free,4.16,102,https://sidequestvr.com/app/6399/attack-on-titan-vr-by-slavka-quest-port
54,revomon(beta),prerelease,3.71,157,https://sidequestvr.com/app/4936/revomon-beta
55,thesilkworm,free,4.08,37,https://sidequestvr.com/app/3904/the-silkworm
56,harvestvr,prerelease,4.36,69,https://sidequestvr.com/app/1014/harvest-vr
57,gunworldvr,demo,4.17,36,https://sidequestvr.com/app/5220/gunworld-vr
58,pick-upleaguehockey,paid,4.33,36,https://sidequestvr.com/app/22/pick-up-league-hockey
59,(unofficial)slendermantheeightpagesvr,free,3.99,84,https://sidequestvr.com/app/787/unofficial-slenderman-the-eight-pages-vr
60,let'sgochopping!-earlyaccessdemo,demo,4.61,121,https://sidequestvr.com/app/1585/lets-go-chopping-early-access-demo
61,quake2quest,opensource,4.9,80,https://sidequestvr.com/app/353/quake2quest
62,birdrunners,free,4.18,228,https://sidequestvr.com/app/7310/bird-runners
63,questapplauncher,free,4.11,45,https://sidequestvr.com/app/199/quest-app-launcher
64,weareonedemo,prerelease,4.92,248,https://sidequestvr.com/app/724/we-are-one-demo
65,returntocastlewolfensteinvr,opensource,4.81,131,https://sidequestvr.com/app/1446/return-to-castle-wolfenstein-vr
66,carparkingsimulator,paid,4.67,55,https://sidequestvr.com/app/812/car-parking-simulator
67,missionx,free,4.11,27,https://sidequestvr.com/app/474/mission-x
68,highseas,free,4.24,90,https://sidequestvr.com/app/359/high-seas
69,vrworkout-bootcamp,free,4.65,77,https://sidequestvr.com/app/413/vrworkout-bootcamp
70,operationserpens,paid,4.75,362,https://sidequestvr.com/app/1197/operation-serpens
71,verticalshift,free,4.59,44,https://sidequestvr.com/app/3174/vertical-shift
72,ultrarealrunner:spacemission(naturallocomotionfitnessworkout),paid,4.8,15,https://sidequestvr.com/app/5151/ultra-real-runner-space-mission-natural-locomotion-fitness-workout
73,gizmovrvideoplayer,free,2.3,10,https://sidequestvr.com/app/2442/gizmovr-video-player
74,enhancevr-newgameandcontent!,free,4.44,52,https://sidequestvr.com/app/307/enhance-vr-new-game-and-content
75,all-in-onesportsvr,paid,4.56,41,https://sidequestvr.com/app/4908/all-in-one-sports-vr
76,carrieraircraft,free,4.06,36,https://sidequestvr.com/app/6087/carrier-aircraft
77,crazykungfu-demo,demo,4.74,112,https://sidequestvr.com/app/1051/crazy-kung-fu-demo
78,tothetop,paid,4.74,62,https://sidequestvr.com/app/358/to-the-top
79,grab,prerelease,4.61,41,https://sidequestvr.com/app/4222/grab
80,rangedayvr,paid,4.43,46,https://sidequestvr.com/app/583/range-day-vr
81,nomorerainbows,free,4.82,116,https://sidequestvr.com/app/5818/no-more-rainbows
82,quakequest,free,4.76,62,https://sidequestvr.com/app/93/quakequest
83,handspace,free,4.07,45,https://sidequestvr.com/app/578/handspace
84,cards&tankards,free,4.88,268,https://sidequestvr.com/app/3732/cards-tankards
85,customhome:fnaf1office,free,3.97,35,https://sidequestvr.com/app/6605/custom-home-fnaf-1-office
86,shootingarena,prerelease,4.83,171,https://sidequestvr.com/app/1072/shooting-arena
87,zenvr,paid,4.18,28,https://sidequestvr.com/app/5026/zenvr
88,waryards,prerelease,4.48,56,https://sidequestvr.com/app/1355/war-yards
89,projectstardust,free,3.67,18,https://sidequestvr.com/app/1697/project-stardust
90,petsvr,paid,4.28,25,https://sidequestvr.com/app/2903/pets-vr
91,cosmicflow:arelaxingvrexperience,free,4.77,111,https://sidequestvr.com/app/567/cosmic-flow-a-relaxing-vr-experience
92,barbershopsimulator,paid,3.93,40,https://sidequestvr.com/app/3915/barbershop-simulator
93,customhome:rick&mortygaragecel-shaded,free,3.52,25,https://sidequestvr.com/app/3906/custom-home-rick-morty-garage-cel-shaded
94,openbrush,free,4.52,54,https://sidequestvr.com/app/2852/open-brush
95,lightsabertrainingvr,free,2.71,21,https://sidequestvr.com/app/5101/lightsaber-training-vr
96,axegenddemo,demo,4.64,99,https://sidequestvr.com/app/656/axegend-demo
97,synthridersdemo,demo,4.81,59,https://sidequestvr.com/app/2185/synth-riders-demo
98,battlearenavr,free,4.0,23,https://sidequestvr.com/app/1824/battle-arena-vr
99,projectdemigod-demo,free,4.6,57,https://sidequestvr.com/app/7586/project-demigod-demo
100,smashdrums!,paid,4.79,73,https://sidequestvr.com/app/1465/smash-drums
101,frenzyvr,paid,3.88,24,https://sidequestvr.com/app/5688/frenzy-vr
102,gorillasoccer,free,4.45,33,https://sidequestvr.com/app/7892/gorilla-soccer
103,happyrun!,prerelease,4.35,135,https://sidequestvr.com/app/2104/happy-run
104,advancedplayerphysicsdemo,free,3.0,34,https://sidequestvr.com/app/6059/advanced-player-physics-demo
105,agentsimulationdemo,demo,4.4,15,https://sidequestvr.com/app/5199/agent-simulation-demo
106,webguyvr,demo,4.5,46,https://sidequestvr.com/app/6331/web-guy-vr
107,arrows,demo,4.5,72,https://sidequestvr.com/app/517/arrows
108,mutatedvirus,paid,4.83,46,https://sidequestvr.com/app/2351/mutated-virus
109,bionichunter:theancientsword,paid,4.9,49,https://sidequestvr.com/app/2364/bionic-hunter-the-ancient-sword
110,arcaxerdemo,demo,4.74,98,https://sidequestvr.com/app/549/arcaxer-demo
111,tinycastles,free,4.47,17,https://sidequestvr.com/app/3352/tiny-castles
112,3dorganonvranatomy,free,3.62,26,https://sidequestvr.com/app/393/3d-organon-vr-anatomy
113,customhome:spongebob-krustykrab,free,3.97,30,https://sidequestvr.com/app/4009/custom-home-spongebob-krusty-krab
114,daysofheroes:d-day,demo,4.38,29,https://sidequestvr.com/app/3557/days-of-heroes-d-day
115,mysteryforestvr,prerelease,3.95,83,https://sidequestvr.com/app/856/mystery-forest-vr
116,seekervr,free,4.63,73,https://sidequestvr.com/app/5096/seeker-vr
117,physicsbowling,free,3.89,19,https://sidequestvr.com/app/472/physics-bowling
118,questzdoomlauncher,free,4.84,43,https://sidequestvr.com/app/802/questzdoom-launcher
119,hitstream,prerelease,4.89,144,https://sidequestvr.com/app/1086/hitstream
120,blade&sorcery:nomad,paid,4.39,54,https://sidequestvr.com/app/5732/blade-sorcery-nomad
121,mr.scribbles,prerelease,4.63,38,https://sidequestvr.com/app/444/mr-scribbles
122,sidequestmobile,free,4.79,14,https://sidequestvr.com/app/6125/sidequest-mobile
123,hyperstacks,demo,4.8,41,https://sidequestvr.com/app/1415/hyperstacks
124,ninjalegendsdemo,demo,4.67,24,https://sidequestvr.com/app/284/ninja-legends-demo
125,thefight,paid,3.67,9,https://sidequestvr.com/app/2267/the-fight
126,cinevr,free,3.0,26,https://sidequestvr.com/app/1523/cinevr
127,ultraclimbingplaygrounds,free,4.5,16,https://sidequestvr.com/app/4472/ultra-climbing-playgrounds
128,redlightgreenlight,free,4.6,10,https://sidequestvr.com/app/5480/red-light-green-light
129,cubism,paid,4.74,62,https://sidequestvr.com/app/403/cubism
130,cybercade,free,4.83,69,https://sidequestvr.com/app/1681/cybercade
131,blackholepool,demo,4.11,44,https://sidequestvr.com/app/3498/black-hole-pool
132,arkio,free,4.55,22,https://sidequestvr.com/app/2291/arkio
133,backrooms,free,4.15,27,https://sidequestvr.com/app/4672/backrooms
134,realmsofeternity,paidprerelease,4.62,39,https://sidequestvr.com/app/881/realms-of-eternity
135,oathbreakers,paid,4.71,58,https://sidequestvr.com/app/1395/oathbreakers
136,templek,free,3.66,65,https://sidequestvr.com/app/372/temple-k
137,sunshard-combatdemo,free,4.44,78,https://sidequestvr.com/app/225/sun-shard-combat-demo
138,simpsonsroom-animatedtv,free,4.18,17,https://sidequestvr.com/app/3963/simpsons-room-animated-tv
139,notspiderman,prerelease,3.81,16,https://sidequestvr.com/app/6033/not-spiderman
140,grandreality:vrpianoapp,free,4.12,33,https://sidequestvr.com/app/476/grand-reality-vr-piano-app
141,airbrigadeprototypetestflight,prerelease,3.66,35,https://sidequestvr.com/app/368/air-brigade-prototype-test-flight
142,simpleplanesvr,paid,4.62,13,https://sidequestvr.com/app/4820/simpleplanes-vr
143,gunworldvr-freedemo,free,4.2,15,https://sidequestvr.com/app/5780/gunworld-vr-free-demo
144,moonrider,opensource,4.49,97,https://sidequestvr.com/app/951/moon-rider
145,sunshard:handtrackingdemo-mightofthegods,demo,4.35,40,https://sidequestvr.com/app/400/sun-shard-hand-tracking-demo-might-of-the-gods
146,fencer-demo,free,2.1,10,https://sidequestvr.com/app/4871/fencer-demo
147,hauntedwarehouse,free,4.36,11,https://sidequestvr.com/app/1015/haunted-warehouse
148,npskillslabs,demo,3.0,11,https://sidequestvr.com/app/1361/np-skills-labs
149,spacesalvagedemo,demo,4.8,25,https://sidequestvr.com/app/5898/space-salvage-demo
150,tennisleaguevr-earlyaccessdemo,free,4.24,17,https://sidequestvr.com/app/4953/tennis-league-vr-early-access-demo
151,fugitive3d,opensource,4.21,14,https://sidequestvr.com/app/1192/fugitive-3d
152,sidequestinsideyourvrheadset:sideception,prerelease,4.66,29,https://sidequestvr.com/app/9473/sidequest-inside-your-vr-headset-sideception
153,pokequestvr,free,4.76,54,https://sidequestvr.com/app/6041/pokequest-vr
154,virtuoso,paid,4.93,43,https://sidequestvr.com/app/1295/virtuoso
155,ascending-dojo(alphatechdemo),demo,4.5,36,https://sidequestvr.com/app/3761/ascending-dojo-alpha-tech-demo
156,virtualpiano(alpha),free,3.67,15,https://sidequestvr.com/app/402/virtualpiano-alpha
157,virtualboygo,opensource,4.8,56,https://sidequestvr.com/app/125/virtualboygo
158,replika(earlyaccess),free,3.33,45,https://sidequestvr.com/app/5370/replika-early-access
159,blobbytennis,free,3.33,15,https://sidequestvr.com/app/253/blobby-tennis
160,vridge2,demo,2.8,30,https://sidequestvr.com/app/10/vridge-2
161,freddyfazbear'spizzeriasimulatorvrfangame,free,4.33,15,https://sidequestvr.com/app/2463/freddy-fazbears-pizzeria-simulator-vr-fan-game
162,airhockeyvr(physicallybasedmultiplayer/aibots),free,4.37,19,https://sidequestvr.com/app/4709/airhockeyvr-physically-based-multiplayer-ai-bots
163,mythicmage,paid,4.07,27,https://sidequestvr.com/app/1462/mythic-mage
164,guardiansvr,paidprerelease,4.86,37,https://sidequestvr.com/app/2804/guardians-vr
165,grappletournamentdemo,free,4.91,11,https://sidequestvr.com/app/5231/grapple-tournament-demo
166,skysquadron,demo,4.48,31,https://sidequestvr.com/app/1343/sky-squadron
167,cactuscowboyportalvr,free,4.63,46,https://sidequestvr.com/app/1049/cactus-cowboy-portal-vr
168,customhome:minecraftbedwarslobby,free,4.33,12,https://sidequestvr.com/app/3909/custom-home-minecraft-bedwars-lobby
169,z-racedemo,demo,4.64,44,https://sidequestvr.com/app/4811/z-race-demo
170,bigballersbasketball,paidprerelease,4.56,9,https://sidequestvr.com/app/4616/big-ballers-basketball
171,meteoricvr,free,5.0,13,https://sidequestvr.com/app/6092/meteoric-vr
172,racket:nxdemo,demo,4.78,27,https://sidequestvr.com/app/2457/racket-nx-demo
173,ultrashooter:jurassicdinosaurs(shoot'emupdinohunter),paid,4.67,15,https://sidequestvr.com/app/5614/ultra-shooter-jurassic-dinosaurs-shootem-up-dino-hunter
174,ancientdungeonbeta,free,4.36,14,https://sidequestvr.com/app/5713/ancient-dungeon-beta
175,gladiatus,free,4.5,6,https://sidequestvr.com/app/4137/gladiatus
176,canyoudoit-vrexperience,paid,4.06,16,https://sidequestvr.com/app/3219/can-you-do-it-vr-experience
177,findmyphoneapp-thegame,free,5.0,14,https://sidequestvr.com/app/2939/find-my-phone-app-the-game
178,volleggball-demo,free,4.41,22,https://sidequestvr.com/app/2230/volleggball-demo
179,exvriencegolfclub,paidprerelease,4.11,19,https://sidequestvr.com/app/1621/exvrience-golf-club
180,handparticle,free,4.72,36,https://sidequestvr.com/app/2012/handparticle
181,duckhuntvr,free,4.27,26,https://sidequestvr.com/app/4737/duck-hunt-vr
182,marineversecup-sailing,prerelease,4.63,24,https://sidequestvr.com/app/324/marineverse-cup-sailing
183,customhome:matrix-loadingvoid,free,3.87,15,https://sidequestvr.com/app/3942/custom-home-matrix-loading-void
184,phin:physicssandboxalpha,prerelease,4.42,57,https://sidequestvr.com/app/4382/phin-physics-sandbox-alpha
185,dvg:conqueringgiantsdemo,free,3.63,8,https://sidequestvr.com/app/3665/dvg-conquering-giants-demo
186,ghostsinthemachine,free,4.52,33,https://sidequestvr.com/app/1467/ghosts-in-the-machine
187,catchasers,free,4.3,71,https://sidequestvr.com/app/7323/cat-chasers
188,customhomemapper,paid,4.4,45,https://sidequestvr.com/app/1701/custom-home-mapper
189,escapeterrorist,free,3.67,9,https://sidequestvr.com/app/2421/escape-terrorist
190,handtrackingdemos,free,4.28,18,https://sidequestvr.com/app/398/hand-tracking-demos
191,deadsecond,paid,4.86,37,https://sidequestvr.com/app/5707/dead-second
192,cat,free,3.4,5,https://sidequestvr.com/app/1579/cat
193,blacktophoops-vrbasketball,free,4.78,32,https://sidequestvr.com/app/8231/blacktop-hoops-vr-basketball
194,marathrunfullgamepre-release[alphaversion],prerelease,4.6,20,https://sidequestvr.com/app/3747/marathrun-full-game-pre-release-alpha-version
195,attackonreality,free,3.5,18,https://sidequestvr.com/app/2407/attack-on-reality
196,customhome:naruto,free,4.58,12,https://sidequestvr.com/app/3956/custom-home-naruto
197,gamebov,free,4.11,62,https://sidequestvr.com/app/1199/gamebov
198,songbeater:quitemytempo!,paid,4.46,54,https://sidequestvr.com/app/385/song-beater-quite-my-tempo
199,pioneer:endlessjourney,free,4.7,69,https://sidequestvr.com/app/6960/pioneer-endless-journey
200,granny2vr(unofficial),prerelease,4.36,14,https://sidequestvr.com/app/4663/granny-2-vr-unofficial
201,lambda1vrlauncher,opensource,4.68,31,https://sidequestvr.com/app/641/lambda1vr-launcher
202,homeplatebaseballapplab,paid,3.69,13,https://sidequestvr.com/app/27/home-plate-baseball-app-lab
203,attackontitanrevive-fangame,free,3.19,21,https://sidequestvr.com/app/6099/attack-on-titan-revive-fan-game
204,slowp,free,4.54,26,https://sidequestvr.com/app/1322/slowp
205,üèÆcrazykungfuüèÆ,paid,4.76,82,https://sidequestvr.com/app/1195/crazy-kung-fu
206,customhome:portalgladoschamber,free,4.18,28,https://sidequestvr.com/app/3926/custom-home-portal-glados-chamber
207,flyingsquirrelchase,free,4.73,11,https://sidequestvr.com/app/5215/flying-squirrel-chase
208,matchpointtennis-freedemo,prerelease,4.53,19,https://sidequestvr.com/app/4091/match-point-tennis-free-demo
209,abaeternodemo,demo,4.77,44,https://sidequestvr.com/app/4070/ab-aeterno-demo
210,thunderbulletvr,prerelease,3.84,25,https://sidequestvr.com/app/601/thunderbullet-vr
211,historiccrafts,free,4.4,10,https://sidequestvr.com/app/4207/historic-crafts
212,interdimensionalmatter,prerelease,4.5,22,https://sidequestvr.com/app/506/interdimensional-matter
213,climb&shoot(practicearena),prerelease,4.43,7,https://sidequestvr.com/app/5519/climb-shoot-practice-arena
214,ironrebellion,paid,5.0,2,https://sidequestvr.com/app/4940/iron-rebellion
215,swordsman,paid,4.45,20,https://sidequestvr.com/app/9321/swordsman
216,rayman2vrdemo(fanremake),free,4.77,35,https://sidequestvr.com/app/2175/rayman-2-vr-demo-fan-remake
217,cactuscowboy-fullyloaded,free,4.68,25,https://sidequestvr.com/app/4315/cactus-cowboy-fully-loaded
218,airbrigade,paid,3.96,23,https://sidequestvr.com/app/257/air-brigade
219,forestfarmdemo,free,3.8,5,https://sidequestvr.com/app/2826/forest-farm-demo
220,starfighterarduximmultiplayer,free,4.17,6,https://sidequestvr.com/app/4854/starfighter-arduxim-multiplayer
221,babyhands,paid,4.75,8,https://sidequestvr.com/app/3098/baby-hands
222,crawlspace,free,4.83,12,https://sidequestvr.com/app/6334/crawlspace
223,shadowvr(earlyaccess),free,3.68,38,https://sidequestvr.com/app/6536/shadow-vr-early-access
224,gaim,free,1.29,14,https://sidequestvr.com/app/4898/gaim
225,escapelegacy-sidequest,paid,4.43,37,https://sidequestvr.com/app/1246/escape-legacy-sidequest
226,stunttrackbuilder,free,4.88,25,https://sidequestvr.com/app/6552/stunt-track-builder
227,ghostracingvr(wip),free,3.97,30,https://sidequestvr.com/app/1403/ghost-racing-vr-wip
228,masterofthetattooverse(freedemo),demo,4.78,40,https://sidequestvr.com/app/2839/master-of-the-tattooverse-free-demo
229,controlroom,free,3.71,7,https://sidequestvr.com/app/3552/control-room
230,exitconditionone-demo,demo,4.67,27,https://sidequestvr.com/app/4198/exit-condition-one-demo
231,rickstoilet,free,4.57,30,https://sidequestvr.com/app/367/ricks-toilet
232,samuraislaughterhouse(freedemo!),paidprerelease,4.25,28,https://sidequestvr.com/app/7848/samurai-slaughter-house-free-demo
233,sep'sdiner(demo),demo,4.75,12,https://sidequestvr.com/app/2167/seps-diner-demo
234,godsofgravity,free,4.96,24,https://sidequestvr.com/app/5607/gods-of-gravity
235,tilltomorrow,prerelease,4.62,26,https://sidequestvr.com/app/5341/till-tomorrow
236,thevirtualtraveller,free,4.0,9,https://sidequestvr.com/app/4225/the-virtual-traveller
237,handbox:asandboxforyourhands,prerelease,3.33,9,https://sidequestvr.com/app/4341/handbox-a-sandbox-for-your-hands
238,sep'sdiner,paid,4.7,30,https://sidequestvr.com/app/2074/seps-diner
239,flowmeditation,free,4.6,20,https://sidequestvr.com/app/1591/flow-meditation
240,1976-backtomidwaydemo,demo,4.59,22,https://sidequestvr.com/app/2854/1976-back-to-midway-demo
241,brutalstrike-counterstrikebrutal-csgo-fpsshooter,free,3.63,27,https://sidequestvr.com/app/6540/brutal-strike-counter-strike-brutal-cs-go-fps-shooter
242,highseaslite,free,4.68,19,https://sidequestvr.com/app/309/high-seas-lite
243,polardread,demo,4.67,15,https://sidequestvr.com/app/4275/polardread
244,tacticalassaultvrdemo,demo,4.53,19,https://sidequestvr.com/app/8699/tactical-assault-vr-demo
245,handspell|demo,demo,4.5,30,https://sidequestvr.com/app/1248/hand-spell-demo
246,questappversionswitcher,opensource,2.71,17,https://sidequestvr.com/app/5333/questappversionswitcher
247,raceforfun,paidprerelease,4.44,9,https://sidequestvr.com/app/4799/race-for-fun
248,warriorsoftitus,prerelease,4.81,31,https://sidequestvr.com/app/540/warriors-of-titus
249,cactuscowboy-plantsatwar,free,4.82,38,https://sidequestvr.com/app/7828/cactus-cowboy-plants-at-war
250,yupitergrad:sneakipeaki,free,4.83,6,https://sidequestvr.com/app/3533/yupitergrad-sneaki-peaki
251,pokemonvrbut(readdescription),free,3.76,29,https://sidequestvr.com/app/1337/pokemon-vr-but-read-description
252,bigbatvr,free,3.5,2,https://sidequestvr.com/app/5475/big-bat-vr
253,restinpieces-sidequest,paid,4.05,21,https://sidequestvr.com/app/1278/rest-in-pieces-sidequest
254,guitarstrummer,free,4.4,5,https://sidequestvr.com/app/1900/guitar-strummer
255,bowtales,prerelease,4.29,38,https://sidequestvr.com/app/1228/bow-tales
256,speedcube,paidprerelease,4.29,7,https://sidequestvr.com/app/1249/speed-cube
257,soundstage,opensource,4.85,39,https://sidequestvr.com/app/360/soundstage
258,backroomsnolongerindevelopment,prerelease,4.11,28,https://sidequestvr.com/app/7373/backrooms-no-longer-in-development
259,fearthelightsout-demo,demo,4.57,7,https://sidequestvr.com/app/1575/fear-the-lights-out-demo
260,bricksvr,paidprerelease,4.89,18,https://sidequestvr.com/app/3447/bricksvr
261,deepwatersoloclimbing,demo,4.77,13,https://sidequestvr.com/app/278/deep-water-solo-climbing
262,monkeymischief,free,4.08,36,https://sidequestvr.com/app/8580/monkey-mischief
263,powerbeatsvr-vrfitness,paid,4.93,42,https://sidequestvr.com/app/4680/powerbeatsvr-vr-fitness
264,hoverquestdemo,demo,4.61,31,https://sidequestvr.com/app/249/hover-quest-demo
265,customhome:sharkreefwithunderwatersoundormusic,free,4.75,16,https://sidequestvr.com/app/3927/custom-home-shark-reef-with-underwater-sound-or-music
266,backroomsvr,prerelease,3.96,28,https://sidequestvr.com/app/8805/backrooms-vr
267,fantasyarena,free,4.53,15,https://sidequestvr.com/app/6952/fantasy-arena
268,saberthingforoculusquest,prerelease,4.88,33,https://sidequestvr.com/app/407/saber-thing-for-oculus-quest
269,spacepilotalliance,paid,4.29,24,https://sidequestvr.com/app/169/space-pilot-alliance
270,vikingdaysremaster,paid,4.83,72,https://sidequestvr.com/app/5853/viking-days-remaster
271,animepowerupsimulator,free,3.5,6,https://sidequestvr.com/app/7331/anime-power-up-simulator
272,backrooms,free,4.13,16,https://sidequestvr.com/app/7544/backrooms
273,x-fitness-demo,demo,4.85,27,https://sidequestvr.com/app/2460/x-fitness-demo
274,firststepswithhandtracking,free,3.89,9,https://sidequestvr.com/app/3358/first-steps-with-hand-tracking
275,thepassage,free,4.48,29,https://sidequestvr.com/app/5848/the-passage
276,onepunch,free,4.72,29,https://sidequestvr.com/app/1081/one-punch
277,ultrasclashv,paidprerelease,4.29,24,https://sidequestvr.com/app/5951/ultrasclash-v
278,warplanes:battlesoverpacific,paid,4.36,25,https://sidequestvr.com/app/7809/warplanes-battles-over-pacific
279,simpletheremin,free,4.71,7,https://sidequestvr.com/app/1957/simple-theremin
280,surviveit,paidprerelease,5.0,2,https://sidequestvr.com/app/3365/survive-it
281,cleansheet,paid,5.0,7,https://sidequestvr.com/app/6132/cleansheet
282,firstpersontennis-therealtennissimulator,paid,4.54,13,https://sidequestvr.com/app/5502/first-person-tennis-the-real-tennis-simulator
283,ghostleaguepre-alphademo,demo,4.21,24,https://sidequestvr.com/app/995/ghost-league-pre-alpha-demo
284,customhome:peachscastleinterior,free,4.25,8,https://sidequestvr.com/app/4304/custom-home-peachs-castle-interior
285,swingmaster3000,free,3.2,5,https://sidequestvr.com/app/4552/swing-master-3000
286,realcommodore64-virtually,free,4.58,26,https://sidequestvr.com/app/3820/real-commodore-64-virtually
287,matchpointtennis-freedemo,free,4.17,6,https://sidequestvr.com/app/5137/match-point-tennis-free-demo
288,towerworkout,free,4.85,13,https://sidequestvr.com/app/1002/tower-workout
289,quake3quest,free,4.91,54,https://sidequestvr.com/app/8601/quake3quest
290,edenunearthedapplab,free,3.38,8,https://sidequestvr.com/app/5383/eden-unearthed-app-lab
291,reflexunit2,paid,4.75,28,https://sidequestvr.com/app/615/reflex-unit-2
292,vrplayer,free,3.89,9,https://sidequestvr.com/app/268/vr-player
293,handposingtool:piratesdemo,opensource,5.0,10,https://sidequestvr.com/app/2278/hand-posing-tool-pirates-demo
294,deadeffect2,paid,4.22,9,https://sidequestvr.com/app/4515/dead-effect-2
295,justhoops,paid,3.5,4,https://sidequestvr.com/app/3969/just-hoops
296,alvrnightly-oculusquest,opensource,2.33,3,https://sidequestvr.com/app/2281/alvr-nightly-oculus-quest
297,groovefitkingdom!,free,4.62,34,https://sidequestvr.com/app/1237/groove-fit-kingdom
298,sweepervr,free,4.4,10,https://sidequestvr.com/app/203/sweepervr
299,experimenta1t,free,3.62,21,https://sidequestvr.com/app/243/experiment-a1t
300,luna:episode1-leftbehind(demo),demo,4.57,30,https://sidequestvr.com/app/5829/luna-episode-1-left-behind-demo
301,mrtk-questplayground,opensource,4.92,12,https://sidequestvr.com/app/430/mrtk-quest-playground
302,mk1driven,demo,3.38,8,https://sidequestvr.com/app/4902/mk1-driven
303,shotwood,paid,5.0,6,https://sidequestvr.com/app/5573/shotwood
304,simpleplankexperience,prerelease,3.14,14,https://sidequestvr.com/app/436/simple-plank-experience
305,dungeonofnekros,free,4.0,2,https://sidequestvr.com/app/4831/dungeon-of-nekros
306,vrtankz!,free,3.56,25,https://sidequestvr.com/app/534/vr-tankz
307,virtualbarbershop,paidprerelease,5.0,1,https://sidequestvr.com/app/5565/virtual-barbershop
308,customhome:fortnitebattleroyalebusskyview,free,4.17,6,https://sidequestvr.com/app/8095/custom-home-fortnite-battle-royale-bus-sky-view
309,demonrush,free,3.67,3,https://sidequestvr.com/app/5036/demon-rush
310,zombieinvasionquest,prerelease,4.07,14,https://sidequestvr.com/app/1987/zombie-invasion-quest
311,snapshotvr,prerelease,4.79,29,https://sidequestvr.com/app/6424/snapshot-vr
312,bulletroulette,paid,4.5,4,https://sidequestvr.com/app/5065/bullet-roulette
313,questdrive,free,3.55,11,https://sidequestvr.com/app/220/questdrive
314,themeparksimulator:rollercoasterparadisevr,demo,3.0,1,https://sidequestvr.com/app/5717/theme-park-simulator-rollercoaster-paradise-vr
315,dragondancevr,free,4.6,15,https://sidequestvr.com/app/1082/dragon-dance-vr
316,cyberquestvr,free,2.56,9,https://sidequestvr.com/app/1286/cyber-quest-vr
317,taverntales:tabletopadventures,prerelease,4.71,24,https://sidequestvr.com/app/501/tavern-tales-tabletop-adventures
318,thefinalovers,free,4.24,49,https://sidequestvr.com/app/2109/the-final-overs
319,customhome:pokecentre-swordandshield,free,3.83,6,https://sidequestvr.com/app/3981/custom-home-pokecentre-sword-and-shield
320,customhome:minecraftgodvalley,free,3.0,1,https://sidequestvr.com/app/3977/custom-home-minecraft-god-valley
321,david,paid,4.29,21,https://sidequestvr.com/app/2628/david
322,requiemindminor(testonly),prerelease,3.0,19,https://sidequestvr.com/app/365/requiem-in-d-minor-test-only
323,dungeontrain-procedurallooter-trainofdecay,paidprerelease,4.44,61,https://sidequestvr.com/app/522/dungeon-train-procedural-looter-train-of-decay
324,squash-up,prerelease,4.09,11,https://sidequestvr.com/app/1407/squash-up
325,squadronone,free,4.65,17,https://sidequestvr.com/app/5087/squadron-one
326,vrescaperoom,free,3.65,17,https://sidequestvr.com/app/1389/vr-escape-room
327,customhome:r.p.d.raccoonpolicedepartment-residentevil2remake,free,5.0,12,https://sidequestvr.com/app/6569/custom-home-rpd-raccoon-police-department-resident-evil-2-remake
328,jigsaw360,paid,4.6,30,https://sidequestvr.com/app/25/jigsaw-360
329,customhome:rick'ssecrettoilet,free,4.71,7,https://sidequestvr.com/app/4330/custom-home-ricks-secret-toilet
330,blanketworks,free,4.77,13,https://sidequestvr.com/app/1030/blanketworks
331,scrap-testarea,demo,4.72,29,https://sidequestvr.com/app/1819/scrap-test-area
332,averypottervrgame,free,4.31,35,https://sidequestvr.com/app/7348/a-very-potter-vr-game
333,proshottennis,prerelease,4.38,21,https://sidequestvr.com/app/2403/proshot-tennis
334,pilauncher,opensource,4.74,19,https://sidequestvr.com/app/5899/pi-launcher
335,backroomsvr,free,3.6,10,https://sidequestvr.com/app/7607/backrooms-vr
336,virtualspeech-vrcourses,free,3.82,11,https://sidequestvr.com/app/357/virtualspeech-vr-courses
337,winreality-applab,free,2.25,4,https://sidequestvr.com/app/5472/win-reality-app-lab
338,drumsrock,paid,4.94,33,https://sidequestvr.com/app/6871/drums-rock
339,nanindustry,opensource,4.85,26,https://sidequestvr.com/app/316/nan-industry
340,hardlightblade,free,3.06,16,https://sidequestvr.com/app/37/hardlight-blade
341,vrclublive,prerelease,4.29,17,https://sidequestvr.com/app/931/vr-club-live
342,customhome:startrek-thenextgenerationbridge,free,4.79,24,https://sidequestvr.com/app/3930/custom-home-star-trek-the-next-generation-bridge
343,playanimakerbeta,free,3.92,13,https://sidequestvr.com/app/5263/playanimaker-beta
344,zurvival,free,2.5,32,https://sidequestvr.com/app/521/zurvival
345,deovr,free,3.11,18,https://sidequestvr.com/app/1347/deovr
346,ultrarealglassbridgetournament(squidgameinspiredfitnessplatformer),paidprerelease,5.0,5,https://sidequestvr.com/app/6171/ultra-real-glass-bridge-tournament-squid-game-inspired-fitness-platformer
347,bartendervrsimulator,paid,4.17,6,https://sidequestvr.com/app/8701/bartender-vr-simulator
348,chunkyorbits,free,4.93,27,https://sidequestvr.com/app/298/chunky-orbits
349,feardeadhouse,paid,4.0,10,https://sidequestvr.com/app/3093/fear-dead-house
350,onstage-simulator,free,4.15,27,https://sidequestvr.com/app/811/onstage-simulator
351,omegablade-newtrailer!,free,4.86,7,https://sidequestvr.com/app/1978/omega-blade-new-trailer
352,pocketracer:sandboxengine,paid,4.5,12,https://sidequestvr.com/app/417/pocket-racer-sandbox-engine
353,rocktop,free,4.27,11,https://sidequestvr.com/app/6948/rocktop
354,diggingsimulator2020,free,4.0,9,https://sidequestvr.com/app/411/digging-simulator-2020
355,unlimitedbowling,free,4.67,3,https://sidequestvr.com/app/4971/unlimited-bowling
356,customhome:silenthill-apartmentroom302customhome,free,4.85,20,https://sidequestvr.com/app/4265/custom-home-silent-hill-apartment-room-302-custom-home
