,name,price_type,rating,rating_count,url,click,view
0,pavlov:shack,free,4.54,1677,https://sidequestvr.com/app/392/pavlov-shack,1.4M,2M
1,attackonquest,free,4.55,1176,https://sidequestvr.com/app/502/attack-on-quest,832.5k,1.5M
2,virtualdesktop,paid,4.49,574,https://sidequestvr.com/app/16/virtual-desktop,854.1k,1.3M
3,questcraft,opensource,3.54,1240,https://sidequestvr.com/app/7150/questcraft,756.8k,1.1M
4,physicsplayground(experimental),demo,4.48,936,https://sidequestvr.com/app/218/physics-playground-experimental,603.2k,1.1M
5,gorillatag,free,4.73,1215,https://sidequestvr.com/app/2157/gorilla-tag,538.1k,823.8k
6,bmbf,free,4.04,541,https://sidequestvr.com/app/747/bmbf,567k,767k
7,battletalent,demo,4.72,623,https://sidequestvr.com/app/2348/battle-talent,413k,662.7k
8,crisisvrigade,paid,4.52,446,https://sidequestvr.com/app/38/crisis-vrigade,413.4k,905.7k
9,v-speedway,free,4.49,227,https://sidequestvr.com/app/458/v-speedway,382.8k,597.6k
10,discovery,free,3.53,116,https://sidequestvr.com/app/3002/discovery,388.6k,839.1k
11,ancientdungeon,paid,4.88,574,https://sidequestvr.com/app/1520/ancient-dungeon,325.7k,639.9k
12,handphysicslab,paid,4.45,180,https://sidequestvr.com/app/750/hand-physics-lab,329.9k,563.9k
13,doom3quest,opensource,4.68,204,https://sidequestvr.com/app/2651/doom3quest,243.2k,579k
14,sportmode,paid,4.75,237,https://sidequestvr.com/app/3751/sport-mode,237.8k,389.6k
15,teaforgod(underdevelopment),prerelease,4.75,446,https://sidequestvr.com/app/65/tea-for-god-under-development,216.6k,500.3k
16,hyperdash,paid,4.79,464,https://sidequestvr.com/app/807/hyper-dash,207.8k,437.9k
17,fivenightsatfreddy'ssisterlocationvrfangame,free,4.32,120,https://sidequestvr.com/app/2233/five-nights-at-freddys-sister-location-vr-fan-game,233.6k,428.4k
18,lambda1vr-half-lifeinvr,opensource,4.46,289,https://sidequestvr.com/app/124/lambda1vr-half-life-in-vr,214k,632.9k
19,hibow(betaversion),prerelease,4.65,411,https://sidequestvr.com/app/967/hibow-beta-version,195.2k,470k
20,brisksquare-earlyaccess,free,4.77,191,https://sidequestvr.com/app/3944/brisk-square-early-access,202.9k,440.7k
21,deisim,paid,4.7,279,https://sidequestvr.com/app/85/deisim,189.3k,551.9k
22,questzdoom,free,4.82,198,https://sidequestvr.com/app/796/questzdoom,190.1k,459k
23,voxelworksquest(prototype),opensource,3.94,238,https://sidequestvr.com/app/431/voxel-works-quest-prototype,179.5k,456.1k
24,gymclass-basketballvr,prerelease,4.59,138,https://sidequestvr.com/app/1781/gym-class-basketball-vr,184.3k,329.4k
25,vrtuos,free,4.13,77,https://sidequestvr.com/app/494/vrtuos,182k,435.9k
26,paradiddle,prerelease,4.59,75,https://sidequestvr.com/app/1524/paradiddle,178.7k,274k
27,warplanes:ww1fighters,paid,4.75,204,https://sidequestvr.com/app/2536/warplanes-ww1-fighters,143.2k,280.2k
28,grannyvr(unofficial),free,4.32,69,https://sidequestvr.com/app/3585/granny-vr-unofficial,154.5k,267.7k
29,fridaynightfunkin'vr,opensource,4.06,239,https://sidequestvr.com/app/4089/friday-night-funkin-vr,138.1k,340.5k
30,alvr-oculusquest,opensource,3.9,121,https://sidequestvr.com/app/9/alvr-oculus-quest,147.9k,350.2k
31,hax,free,4.79,193,https://sidequestvr.com/app/3366/hax,138.7k,320.8k
32,oceancraft-applab+demo,demo,4.54,85,https://sidequestvr.com/app/3001/oceancraft-applab-demo,141.4k,295.3k
33,yur,free,4.52,290,https://sidequestvr.com/app/270/yur,119.9k,418k
34,customhome:minecraftvillage,free,4.28,74,https://sidequestvr.com/app/3899/custom-home-minecraft-village,137.6k,244.1k
35,touringkarts,free,3.84,44,https://sidequestvr.com/app/4262/touring-karts,138.8k,219.4k
36,climbeydemo,free,4.5,109,https://sidequestvr.com/app/331/climbey-demo,129.5k,292.4k
37,projectterminusbeta,demo,4.55,195,https://sidequestvr.com/app/467/project-terminus-beta,121k,327.9k
38,sail-freedemo,demo,4.23,102,https://sidequestvr.com/app/1339/sail-free-demo,126.5k,334.6k
39,gunraiders,free,4.59,99,https://sidequestvr.com/app/3391/gun-raiders,122.8k,238.2k
40,travrsal-entertheholodeck,prerelease,4.75,195,https://sidequestvr.com/app/449/travrsal-enter-the-holodeck,110.6k,336.3k
41,gladius,paidprerelease,4.65,100,https://sidequestvr.com/app/1707/gladius,119k,336k
42,liminal,free,4.72,107,https://sidequestvr.com/app/1042/liminal,115.1k,402.8k
43,groovr-airdrumming,paidprerelease,4.18,85,https://sidequestvr.com/app/1672/groovr-air-drumming,117.7k,247k
44,contractorsvrquest,paid,4.41,212,https://sidequestvr.com/app/1205/contractors-vr-quest,105.2k,236.1k
45,ultraheight:mistcityclimb,paid,4.87,31,https://sidequestvr.com/app/3515/ultra-height-mist-city-climb,120.2k,222.6k
46,descentalps,paid,4.45,121,https://sidequestvr.com/app/668/descent-alps,109k,234.4k
47,tritonvr,prerelease,4.18,79,https://sidequestvr.com/app/433/triton-vr,110.7k,324.8k
48,puzzlingplaces,paid,4.92,450,https://sidequestvr.com/app/809/puzzling-places,72.8k,166.8k
49,plutosphere,prerelease,4.4,438,https://sidequestvr.com/app/3247/plutosphere,78.3k,132.9k
50,vanishinggrace-pre-alphademo,demo,4.52,139,https://sidequestvr.com/app/772/vanishing-grace-pre-alpha-demo,103.2k,255.3k
51,crisisvrigade2,paid,4.46,48,https://sidequestvr.com/app/2927/crisis-vrigade-2,110.7k,229.2k
52,play'avrvideoplayer,free,3.2,35,https://sidequestvr.com/app/280/playa-vr-video-player,112.6k,245.3k
53,attackontitanvr:byslavkaquestport,free,4.16,102,https://sidequestvr.com/app/6399/attack-on-titan-vr-by-slavka-quest-port,106.2k,270.1k
54,revomon(beta),prerelease,3.71,157,https://sidequestvr.com/app/4936/revomon-beta,102.2k,289.8k
55,thesilkworm,free,4.08,37,https://sidequestvr.com/app/3904/the-silkworm,107.2k,204k
56,harvestvr,prerelease,4.36,69,https://sidequestvr.com/app/1014/harvest-vr,103.4k,309.9k
57,gunworldvr,demo,4.17,36,https://sidequestvr.com/app/5220/gunworld-vr,105.1k,211.3k
58,pick-upleaguehockey,paid,4.33,36,https://sidequestvr.com/app/22/pick-up-league-hockey,102.9k,192.3k
59,(unofficial)slendermantheeightpagesvr,free,3.99,84,https://sidequestvr.com/app/787/unofficial-slenderman-the-eight-pages-vr,97.3k,203.4k
60,let'sgochopping!-earlyaccessdemo,demo,4.61,121,https://sidequestvr.com/app/1585/lets-go-chopping-early-access-demo,90.2k,268k
61,quake2quest,opensource,4.9,80,https://sidequestvr.com/app/353/quake2quest,93k,249.8k
62,birdrunners,free,4.18,228,https://sidequestvr.com/app/7310/bird-runners,80.7k,107.7k
63,questapplauncher,free,4.11,45,https://sidequestvr.com/app/199/quest-app-launcher,95.6k,216.6k
64,weareonedemo,prerelease,4.92,248,https://sidequestvr.com/app/724/we-are-one-demo,74.9k,212.8k
65,returntocastlewolfensteinvr,opensource,4.81,131,https://sidequestvr.com/app/1446/return-to-castle-wolfenstein-vr,85.6k,205.7k
66,carparkingsimulator,paid,4.67,55,https://sidequestvr.com/app/812/car-parking-simulator,92.5k,250.3k
67,missionx,free,4.11,27,https://sidequestvr.com/app/474/mission-x,92.6k,340.8k
68,highseas,free,4.24,90,https://sidequestvr.com/app/359/high-seas,82.3k,190.2k
69,vrworkout-bootcamp,free,4.65,77,https://sidequestvr.com/app/413/vrworkout-bootcamp,82.6k,217.4k
70,operationserpens,paid,4.75,362,https://sidequestvr.com/app/1197/operation-serpens,53.6k,237.7k
71,verticalshift,free,4.59,44,https://sidequestvr.com/app/3174/vertical-shift,82.9k,217.3k
72,ultrarealrunner:spacemission(naturallocomotionfitnessworkout),paid,4.8,15,https://sidequestvr.com/app/5151/ultra-real-runner-space-mission-natural-locomotion-fitness-workout,82k,132.6k
73,gizmovrvideoplayer,free,2.3,10,https://sidequestvr.com/app/2442/gizmovr-video-player,82.1k,124k
74,enhancevr-newgameandcontent!,free,4.44,52,https://sidequestvr.com/app/307/enhance-vr-new-game-and-content,77.6k,236.7k
75,all-in-onesportsvr,paid,4.56,41,https://sidequestvr.com/app/4908/all-in-one-sports-vr,77.5k,146.8k
76,carrieraircraft,free,4.06,36,https://sidequestvr.com/app/6087/carrier-aircraft,77.1k,155.2k
77,crazykungfu-demo,demo,4.74,112,https://sidequestvr.com/app/1051/crazy-kung-fu-demo,67.7k,167.5k
78,tothetop,paid,4.74,62,https://sidequestvr.com/app/358/to-the-top,70.9k,356k
79,grab,prerelease,4.61,41,https://sidequestvr.com/app/4222/grab,72.4k,179.8k
80,rangedayvr,paid,4.43,46,https://sidequestvr.com/app/583/range-day-vr,71.3k,220.9k
81,nomorerainbows,free,4.82,116,https://sidequestvr.com/app/5818/no-more-rainbows,63k,115.5k
82,quakequest,free,4.76,62,https://sidequestvr.com/app/93/quakequest,68k,150.6k
83,handspace,free,4.07,45,https://sidequestvr.com/app/578/handspace,69.2k,168.4k
84,cards&tankards,free,4.88,268,https://sidequestvr.com/app/3732/cards-tankards,46.4k,146.2k
85,customhome:fnaf1office,free,3.97,35,https://sidequestvr.com/app/6605/custom-home-fnaf-1-office,68.8k,109.9k
86,shootingarena,prerelease,4.83,171,https://sidequestvr.com/app/1072/shooting-arena,53k,107.7k
87,zenvr,paid,4.18,28,https://sidequestvr.com/app/5026/zenvr,66k,133.2k
88,waryards,prerelease,4.48,56,https://sidequestvr.com/app/1355/war-yards,63.2k,228.5k
89,projectstardust,free,3.67,18,https://sidequestvr.com/app/1697/project-stardust,66.7k,199.3k
90,petsvr,paid,4.28,25,https://sidequestvr.com/app/2903/pets-vr,65.6k,213k
91,cosmicflow:arelaxingvrexperience,free,4.77,111,https://sidequestvr.com/app/567/cosmic-flow-a-relaxing-vr-experience,56.9k,130k
92,barbershopsimulator,paid,3.93,40,https://sidequestvr.com/app/3915/barbershop-simulator,63.3k,104.1k
93,customhome:rick&mortygaragecel-shaded,free,3.52,25,https://sidequestvr.com/app/3906/custom-home-rick-morty-garage-cel-shaded,64.3k,138.5k
94,openbrush,free,4.52,54,https://sidequestvr.com/app/2852/open-brush,61.1k,147.4k
95,lightsabertrainingvr,free,2.71,21,https://sidequestvr.com/app/5101/lightsaber-training-vr,64.7k,198.9k
96,axegenddemo,demo,4.64,99,https://sidequestvr.com/app/656/axegend-demo,56.2k,148k
97,synthridersdemo,demo,4.81,59,https://sidequestvr.com/app/2185/synth-riders-demo,59k,152.5k
98,battlearenavr,free,4.0,23,https://sidequestvr.com/app/1824/battle-arena-vr,62k,217.9k
99,projectdemigod-demo,free,4.6,57,https://sidequestvr.com/app/7586/project-demigod-demo,58.4k,101.3k
100,smashdrums!,paid,4.79,73,https://sidequestvr.com/app/1465/smash-drums,56.6k,145.2k
101,frenzyvr,paid,3.88,24,https://sidequestvr.com/app/5688/frenzy-vr,60.3k,97.5k
102,gorillasoccer,free,4.45,33,https://sidequestvr.com/app/7892/gorilla-soccer,58.8k,138k
103,happyrun!,prerelease,4.35,135,https://sidequestvr.com/app/2104/happy-run,49k,202.7k
104,advancedplayerphysicsdemo,free,3.0,34,https://sidequestvr.com/app/6059/advanced-player-physics-demo,57.4k,127k
105,agentsimulationdemo,demo,4.4,15,https://sidequestvr.com/app/5199/agent-simulation-demo,57.6k,114.2k
106,webguyvr,demo,4.5,46,https://sidequestvr.com/app/6331/web-guy-vr,54.5k,134k
107,arrows,demo,4.5,72,https://sidequestvr.com/app/517/arrows,52.1k,133.8k
108,mutatedvirus,paid,4.83,46,https://sidequestvr.com/app/2351/mutated-virus,53.6k,129k
109,bionichunter:theancientsword,paid,4.9,49,https://sidequestvr.com/app/2364/bionic-hunter-the-ancient-sword,53.2k,142.3k
110,arcaxerdemo,demo,4.74,98,https://sidequestvr.com/app/549/arcaxer-demo,48.3k,203k
111,tinycastles,free,4.47,17,https://sidequestvr.com/app/3352/tiny-castles,54.9k,128.3k
112,3dorganonvranatomy,free,3.62,26,https://sidequestvr.com/app/393/3d-organon-vr-anatomy,52.8k,129.6k
113,customhome:spongebob-krustykrab,free,3.97,30,https://sidequestvr.com/app/4009/custom-home-spongebob-krusty-krab,52.2k,80k
114,daysofheroes:d-day,demo,4.38,29,https://sidequestvr.com/app/3557/days-of-heroes-d-day,51.3k,95.8k
115,mysteryforestvr,prerelease,3.95,83,https://sidequestvr.com/app/856/mystery-forest-vr,46.9k,153.9k
116,seekervr,free,4.63,73,https://sidequestvr.com/app/5096/seeker-vr,46.1k,103.5k
117,physicsbowling,free,3.89,19,https://sidequestvr.com/app/472/physics-bowling,50.5k,100.7k
118,questzdoomlauncher,free,4.84,43,https://sidequestvr.com/app/802/questzdoom-launcher,47.7k,108k
119,hitstream,prerelease,4.89,144,https://sidequestvr.com/app/1086/hitstream,37.4k,102.1k
120,blade&sorcery:nomad,paid,4.39,54,https://sidequestvr.com/app/5732/blade-sorcery-nomad,46.4k,111.4k
121,mr.scribbles,prerelease,4.63,38,https://sidequestvr.com/app/444/mr-scribbles,47.1k,141.5k
122,sidequestmobile,free,4.79,14,https://sidequestvr.com/app/6125/sidequest-mobile,48.8k,71.1k
123,hyperstacks,demo,4.8,41,https://sidequestvr.com/app/1415/hyperstacks,45.8k,131.6k
124,ninjalegendsdemo,demo,4.67,24,https://sidequestvr.com/app/284/ninja-legends-demo,46.8k,115.1k
125,thefight,paid,3.67,9,https://sidequestvr.com/app/2267/the-fight,48.3k,93.6k
126,cinevr,free,3.0,26,https://sidequestvr.com/app/1523/cinevr,46.5k,120.2k
127,ultraclimbingplaygrounds,free,4.5,16,https://sidequestvr.com/app/4472/ultra-climbing-playgrounds,46.5k,113k
128,redlightgreenlight,free,4.6,10,https://sidequestvr.com/app/5480/red-light-green-light,46.9k,125.2k
129,cubism,paid,4.74,62,https://sidequestvr.com/app/403/cubism,41.8k,90.5k
130,cybercade,free,4.83,69,https://sidequestvr.com/app/1681/cybercade,40.8k,122.1k
131,blackholepool,demo,4.11,44,https://sidequestvr.com/app/3498/black-hole-pool,43.2k,72.3k
132,arkio,free,4.55,22,https://sidequestvr.com/app/2291/arkio,43.4k,141.5k
133,backrooms,free,4.15,27,https://sidequestvr.com/app/4672/backrooms,43.1k,155.6k
134,realmsofeternity,paidprerelease,4.62,39,https://sidequestvr.com/app/881/realms-of-eternity,41.5k,140.7k
135,oathbreakers,paid,4.71,58,https://sidequestvr.com/app/1395/oathbreakers,39.5k,144.7k
136,templek,free,3.66,65,https://sidequestvr.com/app/372/temple-k,40.1k,165.1k
137,sunshard-combatdemo,free,4.44,78,https://sidequestvr.com/app/225/sun-shard-combat-demo,37.6k,163.7k
138,simpsonsroom-animatedtv,free,4.18,17,https://sidequestvr.com/app/3963/simpsons-room-animated-tv,43.1k,82.7k
139,notspiderman,prerelease,3.81,16,https://sidequestvr.com/app/6033/not-spiderman,43k,104.6k
140,grandreality:vrpianoapp,free,4.12,33,https://sidequestvr.com/app/476/grand-reality-vr-piano-app,41.4k,129.1k
141,airbrigadeprototypetestflight,prerelease,3.66,35,https://sidequestvr.com/app/368/air-brigade-prototype-test-flight,41.6k,131.3k
142,simpleplanesvr,paid,4.62,13,https://sidequestvr.com/app/4820/simpleplanes-vr,42.8k,84.8k
143,gunworldvr-freedemo,free,4.2,15,https://sidequestvr.com/app/5780/gunworld-vr-free-demo,42.6k,88.6k
144,moonrider,opensource,4.49,97,https://sidequestvr.com/app/951/moon-rider,33.9k,84k
145,sunshard:handtrackingdemo-mightofthegods,demo,4.35,40,https://sidequestvr.com/app/400/sun-shard-hand-tracking-demo-might-of-the-gods,39.1k,98.6k
146,fencer-demo,free,2.1,10,https://sidequestvr.com/app/4871/fencer-demo,42k,88.5k
147,hauntedwarehouse,free,4.36,11,https://sidequestvr.com/app/1015/haunted-warehouse,41.4k,125.1k
148,npskillslabs,demo,3.0,11,https://sidequestvr.com/app/1361/np-skills-labs,40.6k,88.2k
149,spacesalvagedemo,demo,4.8,25,https://sidequestvr.com/app/5898/space-salvage-demo,38.7k,290.1k
150,tennisleaguevr-earlyaccessdemo,free,4.24,17,https://sidequestvr.com/app/4953/tennis-league-vr-early-access-demo,39.4k,60k
151,fugitive3d,opensource,4.21,14,https://sidequestvr.com/app/1192/fugitive-3d,39.6k,128.9k
152,sidequestinsideyourvrheadset:sideception,prerelease,4.66,29,https://sidequestvr.com/app/9473/sidequest-inside-your-vr-headset-sideception,38.1k,56.2k
153,pokequestvr,free,4.76,54,https://sidequestvr.com/app/6041/pokequest-vr,35.4k,68.6k
154,virtuoso,paid,4.93,43,https://sidequestvr.com/app/1295/virtuoso,36.2k,106.1k
155,ascending-dojo(alphatechdemo),demo,4.5,36,https://sidequestvr.com/app/3761/ascending-dojo-alpha-tech-demo,36.9k,94.1k
156,virtualpiano(alpha),free,3.67,15,https://sidequestvr.com/app/402/virtualpiano-alpha,38.5k,74.3k
157,virtualboygo,opensource,4.8,56,https://sidequestvr.com/app/125/virtualboygo,34.2k,168.5k
158,replika(earlyaccess),free,3.33,45,https://sidequestvr.com/app/5370/replika-early-access,36.4k,114.5k
159,blobbytennis,free,3.33,15,https://sidequestvr.com/app/253/blobby-tennis,38.4k,76.2k
160,vridge2,demo,2.8,30,https://sidequestvr.com/app/10/vridge-2,37.5k,109.4k
161,freddyfazbear'spizzeriasimulatorvrfangame,free,4.33,15,https://sidequestvr.com/app/2463/freddy-fazbears-pizzeria-simulator-vr-fan-game,37.9k,97.4k
162,airhockeyvr(physicallybasedmultiplayer/aibots),free,4.37,19,https://sidequestvr.com/app/4709/airhockeyvr-physically-based-multiplayer-ai-bots,37.5k,60.3k
163,mythicmage,paid,4.07,27,https://sidequestvr.com/app/1462/mythic-mage,36.1k,195.4k
164,guardiansvr,paidprerelease,4.86,37,https://sidequestvr.com/app/2804/guardians-vr,34.6k,122.4k
165,grappletournamentdemo,free,4.91,11,https://sidequestvr.com/app/5231/grapple-tournament-demo,36.8k,76.2k
166,skysquadron,demo,4.48,31,https://sidequestvr.com/app/1343/sky-squadron,34.4k,110.1k
167,cactuscowboyportalvr,free,4.63,46,https://sidequestvr.com/app/1049/cactus-cowboy-portal-vr,32.4k,82.9k
168,customhome:minecraftbedwarslobby,free,4.33,12,https://sidequestvr.com/app/3909/custom-home-minecraft-bedwars-lobby,35k,78.8k
169,z-racedemo,demo,4.64,44,https://sidequestvr.com/app/4811/z-race-demo,31.8k,102.2k
170,bigballersbasketball,paidprerelease,4.56,9,https://sidequestvr.com/app/4616/big-ballers-basketball,34.9k,75.3k
171,meteoricvr,free,5.0,13,https://sidequestvr.com/app/6092/meteoric-vr,34.2k,59.7k
172,racket:nxdemo,demo,4.78,27,https://sidequestvr.com/app/2457/racket-nx-demo,31.5k,75.9k
173,ultrashooter:jurassicdinosaurs(shoot'emupdinohunter),paid,4.67,15,https://sidequestvr.com/app/5614/ultra-shooter-jurassic-dinosaurs-shootem-up-dino-hunter,32.6k,83.2k
174,ancientdungeonbeta,free,4.36,14,https://sidequestvr.com/app/5713/ancient-dungeon-beta,32.6k,52.4k
175,gladiatus,free,4.5,6,https://sidequestvr.com/app/4137/gladiatus,32.6k,76.1k
176,canyoudoit-vrexperience,paid,4.06,16,https://sidequestvr.com/app/3219/can-you-do-it-vr-experience,31.6k,114.3k
177,findmyphoneapp-thegame,free,5.0,14,https://sidequestvr.com/app/2939/find-my-phone-app-the-game,31.3k,86.3k
178,volleggball-demo,free,4.41,22,https://sidequestvr.com/app/2230/volleggball-demo,30.3k,53.6k
179,exvriencegolfclub,paidprerelease,4.11,19,https://sidequestvr.com/app/1621/exvrience-golf-club,30.5k,65k
180,handparticle,free,4.72,36,https://sidequestvr.com/app/2012/handparticle,28.4k,70.1k
181,duckhuntvr,free,4.27,26,https://sidequestvr.com/app/4737/duck-hunt-vr,29k,60k
182,marineversecup-sailing,prerelease,4.63,24,https://sidequestvr.com/app/324/marineverse-cup-sailing,28.4k,85.7k
183,customhome:matrix-loadingvoid,free,3.87,15,https://sidequestvr.com/app/3942/custom-home-matrix-loading-void,29.3k,56.7k
184,phin:physicssandboxalpha,prerelease,4.42,57,https://sidequestvr.com/app/4382/phin-physics-sandbox-alpha,25k,40k
185,dvg:conqueringgiantsdemo,free,3.63,8,https://sidequestvr.com/app/3665/dvg-conquering-giants-demo,29.3k,94.3k
186,ghostsinthemachine,free,4.52,33,https://sidequestvr.com/app/1467/ghosts-in-the-machine,26.9k,125.7k
187,catchasers,free,4.3,71,https://sidequestvr.com/app/7323/cat-chasers,23.7k,40.1k
188,customhomemapper,paid,4.4,45,https://sidequestvr.com/app/1701/custom-home-mapper,25.3k,155.4k
189,escapeterrorist,free,3.67,9,https://sidequestvr.com/app/2421/escape-terrorist,28.6k,68.4k
190,handtrackingdemos,free,4.28,18,https://sidequestvr.com/app/398/hand-tracking-demos,27.4k,55.3k
191,deadsecond,paid,4.86,37,https://sidequestvr.com/app/5707/dead-second,25.1k,74.8k
192,cat,free,3.4,5,https://sidequestvr.com/app/1579/cat,28k,77.5k
193,blacktophoops-vrbasketball,free,4.78,32,https://sidequestvr.com/app/8231/blacktop-hoops-vr-basketball,24.9k,38k
194,marathrunfullgamepre-release[alphaversion],prerelease,4.6,20,https://sidequestvr.com/app/3747/marathrun-full-game-pre-release-alpha-version,26k,54.6k
195,attackonreality,free,3.5,18,https://sidequestvr.com/app/2407/attack-on-reality,26.4k,90.7k
196,customhome:naruto,free,4.58,12,https://sidequestvr.com/app/3956/custom-home-naruto,26.2k,59.6k
197,gamebov,free,4.11,62,https://sidequestvr.com/app/1199/gamebov,22k,87.8k
198,songbeater:quitemytempo!,paid,4.46,54,https://sidequestvr.com/app/385/song-beater-quite-my-tempo,22.1k,146.8k
199,pioneer:endlessjourney,free,4.7,69,https://sidequestvr.com/app/6960/pioneer-endless-journey,20.4k,46.6k
200,granny2vr(unofficial),prerelease,4.36,14,https://sidequestvr.com/app/4663/granny-2-vr-unofficial,25.4k,50.3k
201,lambda1vrlauncher,opensource,4.68,31,https://sidequestvr.com/app/641/lambda1vr-launcher,23.6k,58.8k
202,homeplatebaseballapplab,paid,3.69,13,https://sidequestvr.com/app/27/home-plate-baseball-app-lab,25.2k,61.1k
203,attackontitanrevive-fangame,free,3.19,21,https://sidequestvr.com/app/6099/attack-on-titan-revive-fan-game,24.4k,84k
204,slowp,free,4.54,26,https://sidequestvr.com/app/1322/slowp,23.4k,56.7k
205,üèÆcrazykungfuüèÆ,paid,4.76,82,https://sidequestvr.com/app/1195/crazy-kung-fu,17.9k,87.3k
206,customhome:portalgladoschamber,free,4.18,28,https://sidequestvr.com/app/3926/custom-home-portal-glados-chamber,23.2k,63.1k
207,flyingsquirrelchase,free,4.73,11,https://sidequestvr.com/app/5215/flying-squirrel-chase,24.4k,38k
208,matchpointtennis-freedemo,prerelease,4.53,19,https://sidequestvr.com/app/4091/match-point-tennis-free-demo,23.7k,44k
209,abaeternodemo,demo,4.77,44,https://sidequestvr.com/app/4070/ab-aeterno-demo,21.2k,46.5k
210,thunderbulletvr,prerelease,3.84,25,https://sidequestvr.com/app/601/thunderbullet-vr,23.5k,81.1k
211,historiccrafts,free,4.4,10,https://sidequestvr.com/app/4207/historic-crafts,23.9k,47.6k
212,interdimensionalmatter,prerelease,4.5,22,https://sidequestvr.com/app/506/interdimensional-matter,22.7k,74.3k
213,climb&shoot(practicearena),prerelease,4.43,7,https://sidequestvr.com/app/5519/climb-shoot-practice-arena,23.9k,52.5k
214,ironrebellion,paid,5.0,2,https://sidequestvr.com/app/4940/iron-rebellion,24k,57.4k
215,swordsman,paid,4.45,20,https://sidequestvr.com/app/9321/swordsman,22.4k,45.9k
216,rayman2vrdemo(fanremake),free,4.77,35,https://sidequestvr.com/app/2175/rayman-2-vr-demo-fan-remake,20.7k,80.8k
217,cactuscowboy-fullyloaded,free,4.68,25,https://sidequestvr.com/app/4315/cactus-cowboy-fully-loaded,21.6k,44.4k
218,airbrigade,paid,3.96,23,https://sidequestvr.com/app/257/air-brigade,22k,150.2k
219,forestfarmdemo,free,3.8,5,https://sidequestvr.com/app/2826/forest-farm-demo,23.3k,65.6k
220,starfighterarduximmultiplayer,free,4.17,6,https://sidequestvr.com/app/4854/starfighter-arduxim-multiplayer,23k,49.1k
221,babyhands,paid,4.75,8,https://sidequestvr.com/app/3098/baby-hands,22.7k,46.2k
222,crawlspace,free,4.83,12,https://sidequestvr.com/app/6334/crawlspace,22.2k,37.4k
223,shadowvr(earlyaccess),free,3.68,38,https://sidequestvr.com/app/6536/shadow-vr-early-access,20.5k,50.4k
224,gaim,free,1.29,14,https://sidequestvr.com/app/4898/gaim,22.8k,57.9k
225,escapelegacy-sidequest,paid,4.43,37,https://sidequestvr.com/app/1246/escape-legacy-sidequest,19.9k,88.5k
226,stunttrackbuilder,free,4.88,25,https://sidequestvr.com/app/6552/stunt-track-builder,20.6k,43.2k
227,ghostracingvr(wip),free,3.97,30,https://sidequestvr.com/app/1403/ghost-racing-vr-wip,20.6k,52.5k
228,masterofthetattooverse(freedemo),demo,4.78,40,https://sidequestvr.com/app/2839/master-of-the-tattooverse-free-demo,18.9k,88.5k
229,controlroom,free,3.71,7,https://sidequestvr.com/app/3552/control-room,21.6k,82.4k
230,exitconditionone-demo,demo,4.67,27,https://sidequestvr.com/app/4198/exit-condition-one-demo,19.5k,48.5k
231,rickstoilet,free,4.57,30,https://sidequestvr.com/app/367/ricks-toilet,19.2k,89.2k
232,samuraislaughterhouse(freedemo!),paidprerelease,4.25,28,https://sidequestvr.com/app/7848/samurai-slaughter-house-free-demo,19.4k,38.9k
233,sep'sdiner(demo),demo,4.75,12,https://sidequestvr.com/app/2167/seps-diner-demo,20.5k,36.1k
234,godsofgravity,free,4.96,24,https://sidequestvr.com/app/5607/gods-of-gravity,19k,58.4k
235,tilltomorrow,prerelease,4.62,26,https://sidequestvr.com/app/5341/till-tomorrow,18.9k,58.3k
236,thevirtualtraveller,free,4.0,9,https://sidequestvr.com/app/4225/the-virtual-traveller,20.6k,91.7k
237,handbox:asandboxforyourhands,prerelease,3.33,9,https://sidequestvr.com/app/4341/handbox-a-sandbox-for-your-hands,20k,76.1k
238,sep'sdiner,paid,4.7,30,https://sidequestvr.com/app/2074/seps-diner,17.8k,53.8k
239,flowmeditation,free,4.6,20,https://sidequestvr.com/app/1591/flow-meditation,18.7k,58.9k
240,1976-backtomidwaydemo,demo,4.59,22,https://sidequestvr.com/app/2854/1976-back-to-midway-demo,18.4k,57.3k
241,brutalstrike-counterstrikebrutal-csgo-fpsshooter,free,3.63,27,https://sidequestvr.com/app/6540/brutal-strike-counter-strike-brutal-cs-go-fps-shooter,18.4k,62.5k
242,highseaslite,free,4.68,19,https://sidequestvr.com/app/309/high-seas-lite,18.5k,53.7k
243,polardread,demo,4.67,15,https://sidequestvr.com/app/4275/polardread,18.8k,46.6k
244,tacticalassaultvrdemo,demo,4.53,19,https://sidequestvr.com/app/8699/tactical-assault-vr-demo,18.3k,35.8k
245,handspell|demo,demo,4.5,30,https://sidequestvr.com/app/1248/hand-spell-demo,17.2k,43.9k
246,questappversionswitcher,opensource,2.71,17,https://sidequestvr.com/app/5333/questappversionswitcher,18.8k,27.4k
247,raceforfun,paidprerelease,4.44,9,https://sidequestvr.com/app/4799/race-for-fun,18.9k,43.1k
248,warriorsoftitus,prerelease,4.81,31,https://sidequestvr.com/app/540/warriors-of-titus,16.3k,78.5k
249,cactuscowboy-plantsatwar,free,4.82,38,https://sidequestvr.com/app/7828/cactus-cowboy-plants-at-war,15.5k,27.7k
250,yupitergrad:sneakipeaki,free,4.83,6,https://sidequestvr.com/app/3533/yupitergrad-sneaki-peaki,18.6k,55.7k
251,pokemonvrbut(readdescription),free,3.76,29,https://sidequestvr.com/app/1337/pokemon-vr-but-read-description,16.8k,136.8k
252,bigbatvr,free,3.5,2,https://sidequestvr.com/app/5475/big-bat-vr,18.8k,30.2k
253,restinpieces-sidequest,paid,4.05,21,https://sidequestvr.com/app/1278/rest-in-pieces-sidequest,17.2k,97.1k
254,guitarstrummer,free,4.4,5,https://sidequestvr.com/app/1900/guitar-strummer,18.4k,47k
255,bowtales,prerelease,4.29,38,https://sidequestvr.com/app/1228/bow-tales,15.5k,42.4k
256,speedcube,paidprerelease,4.29,7,https://sidequestvr.com/app/1249/speed-cube,18.2k,43.3k
257,soundstage,opensource,4.85,39,https://sidequestvr.com/app/360/soundstage,14.9k,41.3k
258,backroomsnolongerindevelopment,prerelease,4.11,28,https://sidequestvr.com/app/7373/backrooms-no-longer-in-development,16.4k,48.1k
259,fearthelightsout-demo,demo,4.57,7,https://sidequestvr.com/app/1575/fear-the-lights-out-demo,18k,45.7k
260,bricksvr,paidprerelease,4.89,18,https://sidequestvr.com/app/3447/bricksvr,16.8k,56.7k
261,deepwatersoloclimbing,demo,4.77,13,https://sidequestvr.com/app/278/deep-water-solo-climbing,17.3k,81.5k
262,monkeymischief,free,4.08,36,https://sidequestvr.com/app/8580/monkey-mischief,15.5k,25.4k
263,powerbeatsvr-vrfitness,paid,4.93,42,https://sidequestvr.com/app/4680/powerbeatsvr-vr-fitness,14k,37.6k
264,hoverquestdemo,demo,4.61,31,https://sidequestvr.com/app/249/hover-quest-demo,15.3k,60.2k
265,customhome:sharkreefwithunderwatersoundormusic,free,4.75,16,https://sidequestvr.com/app/3927/custom-home-shark-reef-with-underwater-sound-or-music,16.7k,30.5k
266,backroomsvr,prerelease,3.96,28,https://sidequestvr.com/app/8805/backrooms-vr,15.9k,38.3k
267,fantasyarena,free,4.53,15,https://sidequestvr.com/app/6952/fantasy-arena,16.7k,54.1k
268,saberthingforoculusquest,prerelease,4.88,33,https://sidequestvr.com/app/407/saber-thing-for-oculus-quest,14.8k,47.8k
269,spacepilotalliance,paid,4.29,24,https://sidequestvr.com/app/169/space-pilot-alliance,15.9k,84.2k
270,vikingdaysremaster,paid,4.83,72,https://sidequestvr.com/app/5853/viking-days-remaster,11.1k,37.2k
271,animepowerupsimulator,free,3.5,6,https://sidequestvr.com/app/7331/anime-power-up-simulator,17.5k,40.2k
272,backrooms,free,4.13,16,https://sidequestvr.com/app/7544/backrooms,16.5k,25.3k
273,x-fitness-demo,demo,4.85,27,https://sidequestvr.com/app/2460/x-fitness-demo,15k,42.4k
274,firststepswithhandtracking,free,3.89,9,https://sidequestvr.com/app/3358/first-steps-with-hand-tracking,16.5k,27.7k
275,thepassage,free,4.48,29,https://sidequestvr.com/app/5848/the-passage,14.5k,47.5k
276,onepunch,free,4.72,29,https://sidequestvr.com/app/1081/one-punch,14.4k,60.3k
277,ultrasclashv,paidprerelease,4.29,24,https://sidequestvr.com/app/5951/ultrasclash-v,15k,49.4k
278,warplanes:battlesoverpacific,paid,4.36,25,https://sidequestvr.com/app/7809/warplanes-battles-over-pacific,14.7k,26.1k
279,simpletheremin,free,4.71,7,https://sidequestvr.com/app/1957/simple-theremin,16.2k,46.6k
280,surviveit,paidprerelease,5.0,2,https://sidequestvr.com/app/3365/survive-it,16.6k,32k
281,cleansheet,paid,5.0,7,https://sidequestvr.com/app/6132/cleansheet,16.1k,38.9k
282,firstpersontennis-therealtennissimulator,paid,4.54,13,https://sidequestvr.com/app/5502/first-person-tennis-the-real-tennis-simulator,15.5k,29.4k
283,ghostleaguepre-alphademo,demo,4.21,24,https://sidequestvr.com/app/995/ghost-league-pre-alpha-demo,14.6k,61.7k
284,customhome:peachscastleinterior,free,4.25,8,https://sidequestvr.com/app/4304/custom-home-peachs-castle-interior,15.9k,28.1k
285,swingmaster3000,free,3.2,5,https://sidequestvr.com/app/4552/swing-master-3000,16.2k,56.7k
286,realcommodore64-virtually,free,4.58,26,https://sidequestvr.com/app/3820/real-commodore-64-virtually,14.2k,36.6k
287,matchpointtennis-freedemo,free,4.17,6,https://sidequestvr.com/app/5137/match-point-tennis-free-demo,16k,26.3k
288,towerworkout,free,4.85,13,https://sidequestvr.com/app/1002/tower-workout,15.2k,66.2k
289,quake3quest,free,4.91,54,https://sidequestvr.com/app/8601/quake3quest,11k,37.8k
290,edenunearthedapplab,free,3.38,8,https://sidequestvr.com/app/5383/eden-unearthed-app-lab,15.7k,47.8k
291,reflexunit2,paid,4.75,28,https://sidequestvr.com/app/615/reflex-unit-2,13.4k,106.6k
292,vrplayer,free,3.89,9,https://sidequestvr.com/app/268/vr-player,15.4k,38.9k
293,handposingtool:piratesdemo,opensource,5.0,10,https://sidequestvr.com/app/2278/hand-posing-tool-pirates-demo,15k,46.6k
294,deadeffect2,paid,4.22,9,https://sidequestvr.com/app/4515/dead-effect-2,15.2k,31.7k
295,justhoops,paid,3.5,4,https://sidequestvr.com/app/3969/just-hoops,15.7k,37.2k
296,alvrnightly-oculusquest,opensource,2.33,3,https://sidequestvr.com/app/2281/alvr-nightly-oculus-quest,15.8k,44.3k
297,groovefitkingdom!,free,4.62,34,https://sidequestvr.com/app/1237/groove-fit-kingdom,12.7k,42.1k
298,sweepervr,free,4.4,10,https://sidequestvr.com/app/203/sweepervr,14.9k,39.5k
299,experimenta1t,free,3.62,21,https://sidequestvr.com/app/243/experiment-a1t,14.2k,70.7k
300,luna:episode1-leftbehind(demo),demo,4.57,30,https://sidequestvr.com/app/5829/luna-episode-1-left-behind-demo,12.8k,43k
301,mrtk-questplayground,opensource,4.92,12,https://sidequestvr.com/app/430/mrtk-quest-playground,14.4k,33.6k
302,mk1driven,demo,3.38,8,https://sidequestvr.com/app/4902/mk1-driven,15k,35.8k
303,shotwood,paid,5.0,6,https://sidequestvr.com/app/5573/shotwood,14.9k,52.9k
304,simpleplankexperience,prerelease,3.14,14,https://sidequestvr.com/app/436/simple-plank-experience,14.6k,34.9k
305,dungeonofnekros,free,4.0,2,https://sidequestvr.com/app/4831/dungeon-of-nekros,15.2k,52.2k
306,vrtankz!,free,3.56,25,https://sidequestvr.com/app/534/vr-tankz,13.5k,89.4k
307,virtualbarbershop,paidprerelease,5.0,1,https://sidequestvr.com/app/5565/virtual-barbershop,15.2k,28.2k
308,customhome:fortnitebattleroyalebusskyview,free,4.17,6,https://sidequestvr.com/app/8095/custom-home-fortnite-battle-royale-bus-sky-view,14.7k,40.4k
309,demonrush,free,3.67,3,https://sidequestvr.com/app/5036/demon-rush,14.9k,48k
310,zombieinvasionquest,prerelease,4.07,14,https://sidequestvr.com/app/1987/zombie-invasion-quest,13.9k,60.9k
311,snapshotvr,prerelease,4.79,29,https://sidequestvr.com/app/6424/snapshot-vr,12.3k,37.7k
312,bulletroulette,paid,4.5,4,https://sidequestvr.com/app/5065/bullet-roulette,14.7k,31.6k
313,questdrive,free,3.55,11,https://sidequestvr.com/app/220/questdrive,14.2k,43.7k
314,themeparksimulator:rollercoasterparadisevr,demo,3.0,1,https://sidequestvr.com/app/5717/theme-park-simulator-rollercoaster-paradise-vr,14.9k,34.3k
315,dragondancevr,free,4.6,15,https://sidequestvr.com/app/1082/dragon-dance-vr,13.6k,57.6k
316,cyberquestvr,free,2.56,9,https://sidequestvr.com/app/1286/cyber-quest-vr,14.5k,65.4k
317,taverntales:tabletopadventures,prerelease,4.71,24,https://sidequestvr.com/app/501/tavern-tales-tabletop-adventures,12.5k,43.6k
318,thefinalovers,free,4.24,49,https://sidequestvr.com/app/2109/the-final-overs,,
319,customhome:pokecentre-swordandshield,free,3.83,6,https://sidequestvr.com/app/3981/custom-home-pokecentre-sword-and-shield,14.1k,44.2k
320,customhome:minecraftgodvalley,free,3.0,1,https://sidequestvr.com/app/3977/custom-home-minecraft-god-valley,14.5k,38.5k
321,david,paid,4.29,21,https://sidequestvr.com/app/2628/david,12.7k,59.8k
322,requiemindminor(testonly),prerelease,3.0,19,https://sidequestvr.com/app/365/requiem-in-d-minor-test-only,13.3k,71.3k
323,dungeontrain-procedurallooter-trainofdecay,paidprerelease,4.44,61,https://sidequestvr.com/app/522/dungeon-train-procedural-looter-train-of-decay,9k,73.6k
324,squash-up,prerelease,4.09,11,https://sidequestvr.com/app/1407/squash-up,13.4k,57k
325,squadronone,free,4.65,17,https://sidequestvr.com/app/5087/squadron-one,12.7k,50.6k
326,vrescaperoom,free,3.65,17,https://sidequestvr.com/app/1389/vr-escape-room,12.9k,26k
327,customhome:r.p.d.raccoonpolicedepartment-residentevil2remake,free,5.0,12,https://sidequestvr.com/app/6569/custom-home-rpd-raccoon-police-department-resident-evil-2-remake,13k,36.2k
328,jigsaw360,paid,4.6,30,https://sidequestvr.com/app/25/jigsaw-360,11.3k,49.1k
329,customhome:rick'ssecrettoilet,free,4.71,7,https://sidequestvr.com/app/4330/custom-home-ricks-secret-toilet,13.4k,31.2k
330,blanketworks,free,4.77,13,https://sidequestvr.com/app/1030/blanketworks,12.6k,47k
331,scrap-testarea,demo,4.72,29,https://sidequestvr.com/app/1819/scrap-test-area,11.1k,29.4k
332,averypottervrgame,free,4.31,35,https://sidequestvr.com/app/7348/a-very-potter-vr-game,10.8k,28.5k
333,proshottennis,prerelease,4.38,21,https://sidequestvr.com/app/2403/proshot-tennis,12k,32.4k
334,pilauncher,opensource,4.74,19,https://sidequestvr.com/app/5899/pi-launcher,12k,32.3k
335,backroomsvr,free,3.6,10,https://sidequestvr.com/app/7607/backrooms-vr,13.1k,38.3k
336,virtualspeech-vrcourses,free,3.82,11,https://sidequestvr.com/app/357/virtualspeech-vr-courses,12.9k,46.3k
337,winreality-applab,free,2.25,4,https://sidequestvr.com/app/5472/win-reality-app-lab,13.6k,27.2k
338,drumsrock,paid,4.94,33,https://sidequestvr.com/app/6871/drums-rock,10.5k,30.2k
339,nanindustry,opensource,4.85,26,https://sidequestvr.com/app/316/nan-industry,11.2k,61.2k
340,hardlightblade,free,3.06,16,https://sidequestvr.com/app/37/hardlight-blade,12.7k,32.9k
341,vrclublive,prerelease,4.29,17,https://sidequestvr.com/app/931/vr-club-live,12.1k,66.8k
342,customhome:startrek-thenextgenerationbridge,free,4.79,24,https://sidequestvr.com/app/3930/custom-home-star-trek-the-next-generation-bridge,11.2k,28k
343,playanimakerbeta,free,3.92,13,https://sidequestvr.com/app/5263/playanimaker-beta,12.5k,56.1k
344,zurvival,free,2.5,32,https://sidequestvr.com/app/521/zurvival,11.8k,55k
345,deovr,free,3.11,18,https://sidequestvr.com/app/1347/deovr,12.2k,26.6k
346,ultrarealglassbridgetournament(squidgameinspiredfitnessplatformer),paidprerelease,5.0,5,https://sidequestvr.com/app/6171/ultra-real-glass-bridge-tournament-squid-game-inspired-fitness-platformer,12.8k,28.2k
347,bartendervrsimulator,paid,4.17,6,https://sidequestvr.com/app/8701/bartender-vr-simulator,12.9k,22.9k
348,chunkyorbits,free,4.93,27,https://sidequestvr.com/app/298/chunky-orbits,10.7k,35.1k
349,feardeadhouse,paid,4.0,10,https://sidequestvr.com/app/3093/fear-dead-house,12.5k,56.3k
350,onstage-simulator,free,4.15,27,https://sidequestvr.com/app/811/onstage-simulator,11k,35.9k
351,omegablade-newtrailer!,free,4.86,7,https://sidequestvr.com/app/1978/omega-blade-new-trailer,12.6k,37.9k
352,pocketracer:sandboxengine,paid,4.5,12,https://sidequestvr.com/app/417/pocket-racer-sandbox-engine,12.2k,68k
353,rocktop,free,4.27,11,https://sidequestvr.com/app/6948/rocktop,12.2k,29.4k
354,diggingsimulator2020,free,4.0,9,https://sidequestvr.com/app/411/digging-simulator-2020,12.4k,28.9k
355,unlimitedbowling,free,4.67,3,https://sidequestvr.com/app/4971/unlimited-bowling,12.8k,18.6k
356,customhome:silenthill-apartmentroom302customhome,free,4.85,20,https://sidequestvr.com/app/4265/custom-home-silent-hill-apartment-room-302-custom-home,11k,35.7k
